model_name,roc_auc,pr_auc,brier,log_loss,tpr_0,tpr_1,fpr_0,fpr_1,selection_rate_0,selection_rate_1,auc_roc_group0,auc_roc_group1,eo_gap_tpr,eo_gap_fpr,dp_diff,dp_ratio,target_acceptance_rate,threshold_fixed_r,tpr_0_fixed_r,tpr_1_fixed_r,fpr_0_fixed_r,fpr_1_fixed_r,selection_rate_0_fixed_r,selection_rate_1_fixed_r,auc_roc_group0_fixed_r,auc_roc_group1_fixed_r,eo_gap_tpr_fixed_r,eo_gap_fpr_fixed_r,dp_diff_fixed_r,dp_ratio_fixed_r
GLM,0.7719912646844234,0.3372465358160456,0.09267299402475082,0.3133621350106882,0.043478260869565216,0.1092436974789916,0.0034970129680897567,0.018403247631935047,0.008430195427257632,0.028770079117717572,0.7830323977496274,0.7689962588553688,0.06576543660942638,0.01490623466384529,0.020339883690459942,3.4127416577668312,0.02,0.47120047045759433,0.062111801242236024,0.13445378151260504,0.0053912283258050414,0.021380243572395128,0.012389832673393792,0.03428434428194677,0.7830323977496274,0.7689962588553688,0.072341980270369,0.015989015246590087,0.02189451160855298,2.7671353750861987
NN,0.765566940319624,0.33100436159227387,0.0932879628893354,0.3165950747737657,0.023809523809523808,0.052521008403361345,0.0016027976103744719,0.0070365358592692825,0.004342827947375144,0.012227283625029969,0.7736602702582849,0.7613081497822404,0.028711484593837537,0.005433738248894811,0.007884455677654825,2.815511867657636,0.02,0.46096378564834595,0.06625258799171843,0.13655462184873948,0.0067026081888387,0.017591339648173207,0.014050325712096053,0.031167585710860705,0.7736602702582849,0.7613081497822404,0.07030203385702105,0.010888731459334507,0.01711725999876465,2.2182820775484404
ADV_NN,0.765685071222721,0.32742727412950495,0.09334745828298135,0.31627889152010275,0.010351966873706004,0.046218487394957986,0.0010199621156928456,0.005412719891745603,0.002171413973687572,0.01006952769120115,0.773672638920439,0.7606594193834502,0.035866520521251985,0.004392757776052757,0.007898113717513578,4.637313664377282,0.02,0.4287787079811096,0.06625258799171843,0.1323529411764706,0.0053912283258050414,0.020568335588633288,0.012900753608379103,0.033325341644689525,0.773672638920439,0.7606594193834502,0.06610035318475216,0.015177107262828247,0.02042458803631042,2.5832089082799436
