model_name,roc_auc,pr_auc,brier,log_loss,tpr_0,tpr_1,fpr_0,fpr_1,selection_rate_0,selection_rate_1,auc_roc_group0,auc_roc_group1,eo_gap_tpr,eo_gap_fpr,dp_diff,dp_ratio
GLM,0.7719912646844234,0.3372465358160456,0.09267299402475082,0.3133621350106882,0.043478260869565216,0.1092436974789916,0.0034970129680897567,0.018403247631935047,0.008430195427257632,0.028770079117717572,0.7830323977496274,0.7689962588553688,0.06576543660942638,0.01490623466384529,0.020339883690459942,3.4127416577668312
NN,0.7639014817825529,0.3179569819605519,0.09419321088611803,0.31878935082052584,0.0010351966873706005,0.0063025210084033615,0.0,0.00027063599458728013,0.00012773023374632777,0.0009590026372572524,0.7733795619623215,0.756314460831694,0.0052673243210327614,0.00027063599458728013,0.0008312724035109246,7.508031647087028
ADV_NN,0.7687827150678676,0.3317957825735,0.0930164057392631,0.31480242191570323,0.023809523809523808,0.046218487394957986,0.0017485064840448783,0.0062246278755074425,0.0044705581811214715,0.010788779669144091,0.7775633373546569,0.76372965965818,0.022408963585434177,0.004476121391462564,0.0063182214880226194,2.4132958865636884
