model_name,roc_auc,pr_auc,brier,log_loss,tpr_0,tpr_1,fpr_0,fpr_1,selection_rate_0,selection_rate_1,auc_roc_group0,auc_roc_group1,eo_gap_tpr,eo_gap_fpr,dp_diff,dp_ratio,threshold,target_rate,actual_rate
GLM,0.7719912646844234,0.3372465358160456,0.09267299402475082,0.3133621350106882,0.062111801242236024,0.13445378151260504,0.0053912283258050414,0.021380243572395128,0.012389832673393792,0.03428434428194677,0.7830323977496274,0.7689962588553688,0.072341980270369,0.015989015246590087,0.02189451160855298,2.7671353750861987,0.47120047045759433,0.02,0.02
NN,0.7570421388071282,0.3090145130247214,0.09476951224813805,0.32071906541435785,0.062111801242236024,0.13025210084033614,0.006994025936179513,0.018944519621109608,0.013794865244603398,0.03164708702948933,0.7656779580485148,0.7517204716798762,0.06814029959810011,0.011950493684930095,0.017852221784885935,2.29412078105437,0.44730398058891296,0.02,0.02
ADV_NN,0.7593870881379364,0.324806330146162,0.09365968736470696,0.31830774959044705,0.07349896480331262,0.10714285714285714,0.007576861430861139,0.017861975642760486,0.015710818750798314,0.028050827139774633,0.7644314382431191,0.7535745556680047,0.03364389233954451,0.010285114211899347,0.01234000838897632,1.7854465502219155,0.42388689517974854,0.02,0.02
